Market,Make,VehicleAge,median_make_price_index,listing_count
Pakistan,Audi,1,2.411067193675889,3
Pakistan,Audi,2,2.3715415019762847,24
Pakistan,Audi,3,2.015810276679842,17
Pakistan,Audi,4,1.699604743083004,13
Pakistan,Audi,5,1.2648221343873518,17
Pakistan,Audi,6,0.9644268774703557,23
Pakistan,Audi,7,0.8260869565217391,32
Pakistan,Audi,8,0.9090909090909091,25
Pakistan,Audi,9,0.6422924901185771,24
Pakistan,Audi,10,0.5533596837944664,10
Pakistan,Audi,11,0.616600790513834,5
Pakistan,Audi,12,0.5770750988142292,4
Pakistan,Audi,13,0.4743083003952569,3
Pakistan,Audi,14,0.37549407114624506,1
Pakistan,Audi,15,0.6719367588932806,2
Pakistan,Audi,16,0.47430830039525695,4
Pakistan,Audi,17,0.4031620553359684,2
Pakistan,Audi,18,0.3952569169960474,1
US,Audi,1,1.592288032003556,13
US,Audi,2,1.444604956106234,281
US,Audi,3,1.3334074156387747,239
US,Audi,4,1.1099381412749565,518
US,Audi,5,1.0655072785865096,536
US,Audi,6,0.9127866059191763,232
US,Audi,7,0.8014409008408342,200
US,Audi,8,0.629514390487832,132
US,Audi,9,0.573952661406823,97
US,Audi,10,0.4814238619105826,78
US,Audi,11,0.4071748712819943,68
US,Audi,12,0.3702263214431233,69
US,Audi,13,0.29621809830721935,31
US,Audi,14,0.2576212171722784,29
US,Audi,15,0.27762343964144165,21
US,Audi,16,0.22202466940771198,8
US,Audi,17,0.14779419935548394,3
US,Audi,18,0.18502055783975999,3
US,Audi,19,0.27762343964144165,1
US,Audi,20,0.10173352594732749,2
US,Audi,21,0.07404526428862467,1
US,Audi,22,0.18435381709078785,1
Pakistan,Bmw,1,10.653846153846153,18
Pakistan,Bmw,2,6.346153846153846,10
Pakistan,Bmw,3,6.384615384615385,5
Pakistan,Bmw,5,1.669230769230769,6
Pakistan,Bmw,6,1.2615384615384615,5
Pakistan,Bmw,7,1.4384615384615385,12
Pakistan,Bmw,8,2.9923076923076923,4
Pakistan,Bmw,9,2.730769230769231,2
Pakistan,Bmw,10,3.1153846153846154,2
Pakistan,Bmw,11,1.36,3
Pakistan,Bmw,12,2.646153846153846,2
Pakistan,Bmw,13,7.615384615384615,3
Pakistan,Bmw,15,0.8923076923076924,1
Pakistan,Bmw,16,0.8461538461538463,2
Pakistan,Bmw,17,0.7384615384615385,5
Pakistan,Bmw,18,0.7384615384615385,13
Pakistan,Bmw,19,0.6653846153846154,14
Pakistan,Bmw,20,0.6153846153846154,14
Pakistan,Bmw,21,0.5538461538461539,13
Pakistan,Bmw,22,0.5230769230769231,2
Pakistan,Bmw,23,0.49230769230769234,1
Pakistan,Bmw,24,0.46153846153846156,3
Pakistan,Bmw,25,0.38461538461538464,1
Pakistan,Bmw,26,0.7,1
Pakistan,Bmw,27,0.4576923076923077,2
Pakistan,Bmw,30,0.3,1
Pakistan,Bmw,31,0.3,3
Pakistan,Bmw,32,0.28076923076923077,2
US,Bmw,1,1.7536935251237673,34
US,Bmw,2,1.5943554360113827,787
US,Bmw,3,1.3236463571512105,346
US,Bmw,4,1.2638287919541573,844
US,Bmw,5,1.0484348809106148,2120
US,Bmw,6,0.8849647214750711,506
US,Bmw,7,0.779635910030016,289
US,Bmw,8,0.6509375121818111,488
US,Bmw,9,0.5453553190659962,152
US,Bmw,10,0.5065294507465015,152
US,Bmw,11,0.4674307098584961,267
US,Bmw,12,0.3869138112501462,206
US,Bmw,13,0.3503683779674892,145
US,Bmw,14,0.31146454605699136,59
US,Bmw,15,0.31173741862550186,50
US,Bmw,16,0.2722293688847308,48
US,Bmw,17,0.29216855728374846,18
US,Bmw,18,0.194908977507504,17
US,Bmw,19,0.3117374186255019,9
US,Bmw,20,0.2239504151561221,4
US,Bmw,21,0.29021946750867345,8
US,Bmw,22,0.3469379799633571,3
Pakistan,Cadillac,2,0.2011111111111111,1
Pakistan,Cadillac,16,1.0,1
Pakistan,Cadillac,17,2.0,1
US,Cadillac,1,1.62504884720594,30
US,Cadillac,2,1.5191481047284094,498
US,Cadillac,3,1.3889800703399766,452
US,Cadillac,4,1.221180148495506,657
US,Cadillac,5,0.976905041031653,1015
US,Cadillac,6,0.8493942946463462,377
US,Cadillac,7,0.7367330988667449,237
US,Cadillac,8,0.6639312231340367,285
US,Cadillac,9,0.5779601406799532,177
US,Cadillac,10,0.4997069167643611,114
US,Cadillac,11,0.5214927706135208,130
US,Cadillac,12,0.6251465416178195,156
US,Cadillac,13,0.32227432590855803,98
US,Cadillac,14,0.31242672919109027,62
US,Cadillac,15,0.23446658851113716,59
US,Cadillac,16,0.2341539663931223,18
US,Cadillac,17,0.19538882375928096,13
US,Cadillac,18,0.17584994138335286,5
US,Cadillac,19,0.15142633841344275,11
US,Cadillac,20,0.17258694802657287,4
US,Cadillac,21,0.1708675263774912,6
US,Cadillac,22,0.15631105900742479,3
Pakistan,Chevrolet,7,2.138888888888889,1
Pakistan,Chevrolet,8,14.444444444444445,1
Pakistan,Chevrolet,12,2.0555555555555554,1
Pakistan,Chevrolet,14,1.5833333333333333,3
Pakistan,Chevrolet,15,1.0888888888888888,7
Pakistan,Chevrolet,16,1.0,3
Pakistan,Chevrolet,17,1.4861111111111112,6
Pakistan,Chevrolet,18,0.8500000000000001,12
Pakistan,Chevrolet,19,0.8833333333333333,29
Pakistan,Chevrolet,20,0.8888888888888888,3
Pakistan,Chevrolet,21,0.6527777777777778,2
Pakistan,Chevrolet,23,2.9444444444444446,1
US,Chevrolet,1,1.5548763545429285,51
US,Chevrolet,2,1.1653514865240344,4700
US,Chevrolet,3,1.2225062517365934,4408
US,Chevrolet,4,1.2241733814948597,5766
US,Chevrolet,5,1.083578771881078,4887
US,Chevrolet,6,0.9444290080577938,2337
US,Chevrolet,7,0.7717699360933593,1832
US,Chevrolet,8,0.8330369547096417,1582
US,Chevrolet,9,0.7779938871908864,941
US,Chevrolet,10,0.7216449013614893,698
US,Chevrolet,11,0.777382606279522,774
US,Chevrolet,12,0.7221450402889692,818
US,Chevrolet,13,0.5244512364545707,442
US,Chevrolet,14,0.5000277854959712,434
US,Chevrolet,15,0.49955543206446235,326
US,Chevrolet,16,0.3889969435954432,264
US,Chevrolet,17,0.3939983328702417,125
US,Chevrolet,18,0.35957210336204504,88
US,Chevrolet,19,0.27779938871908866,64
US,Chevrolet,20,0.3327590997499305,47
US,Chevrolet,21,0.5053070297304807,44
US,Chevrolet,22,0.2620727979994443,20
Pakistan,Dodge,2,7.49,1
Pakistan,Dodge,16,1.0,1
Pakistan,Dodge,19,0.36,1
US,Dodge,1,2.088181657744573,2
US,Dodge,2,1.3332254838519912,1118
US,Dodge,3,1.1169480557679863,2219
US,Dodge,4,1.1174186716865697,1296
US,Dodge,5,0.9528795811518325,1309
US,Dodge,6,0.7938702276604506,913
US,Dodge,7,0.823283722571916,512
US,Dodge,8,0.7053356079769398,345
US,Dodge,9,0.7644567327489852,513
US,Dodge,10,0.8339902347196894,284
US,Dodge,11,0.7621624801458909,371
US,Dodge,12,0.7053356079769398,347
US,Dodge,13,0.7000411788928761,300
US,Dodge,14,0.5696805694452615,239
US,Dodge,15,0.5169127595740926,148
US,Dodge,16,0.44284957938702274,98
US,Dodge,17,0.34393199599976465,58
US,Dodge,18,0.3507265133243132,58
US,Dodge,19,0.293958468145185,30
US,Dodge,20,0.2676628036943349,20
US,Dodge,21,0.40705335607976945,10
US,Dodge,22,0.23530795929172305,11
Pakistan,Fiat,14,1.0,1
Pakistan,Fiat,15,1.4682539682539681,1
Pakistan,Fiat,18,0.6825396825396826,1
US,Fiat,2,1.9551614370168258,16
US,Fiat,3,1.364256480218281,115
US,Fiat,4,1.0545702592087312,139
US,Fiat,5,0.965893587994543,110
US,Fiat,6,0.8180991359708959,86
US,Fiat,7,0.7048658481127785,79
Pakistan,Ford,1,2.016706443914081,2
Pakistan,Ford,3,1.9331742243436754,4
Pakistan,Ford,4,0.7398568019093078,4
Pakistan,Ford,5,2.028639618138425,2
Pakistan,Ford,6,1.4558472553699282,4
Pakistan,Ford,7,1.4653937947494033,6
Pakistan,Ford,8,0.9952267303102625,4
Pakistan,Ford,10,0.7637231503579952,3
Pakistan,Ford,11,0.5059665871121718,2
Pakistan,Ford,12,0.48926014319809064,2
Pakistan,Ford,13,0.045346062052505964,1
Pakistan,Ford,18,0.42482100238663484,2
Pakistan,Ford,21,0.081145584725537,1
Pakistan,Ford,23,0.11933174224343675,1
Pakistan,Ford,29,0.03818615751789976,1
Pakistan,Ford,31,0.015751789976133652,1
US,Ford,1,2.530139510397473,25
US,Ford,2,1.4740194788102132,3582
US,Ford,3,1.2380100026322716,4973
US,Ford,4,1.3661226638589103,5326
US,Ford,5,1.0120821268754936,6616
US,Ford,6,0.910502763885233,3514
US,Ford,7,0.726454330086865,1977
US,Ford,8,0.789418267965254,1529
US,Ford,9,0.684127401947881,1285
US,Ford,10,0.5939720979205054,520
US,Ford,11,0.6205843643063964,947
US,Ford,12,0.5473808897078178,664
US,Ford,13,0.5200315872598053,539
US,Ford,14,0.49986838641747827,451
US,Ford,15,0.4264016846538563,340
US,Ford,16,0.3419320873914188,267
US,Ford,17,0.33229797315082915,183
US,Ford,18,0.31505659384048434,128
US,Ford,19,0.31429323506185836,110
US,Ford,20,0.3156093708870755,81
US,Ford,21,0.21037115030271125,30
US,Ford,22,0.24190576467491445,43
Pakistan,Genesis,2,1.0,1
US,Genesis,1,0.9655783824676707,2
US,Genesis,2,1.0098702096976289,40
Pakistan,Gmc,2,1.0,1
Pakistan,Gmc,4,1.0530973451327434,1
Pakistan,Gmc,8,0.7522123893805309,1
US,Gmc,1,1.236564253781033,5
US,Gmc,2,1.3316845809949587,1050
US,Gmc,3,1.3940454675164082,1166
US,Gmc,4,1.2934462094549606,1916
US,Gmc,5,1.027109293255969,1438
US,Gmc,6,0.942718538951774,625
US,Gmc,7,0.7605821364025492,571
US,Gmc,8,0.7417673356796348,524
US,Gmc,9,0.6180348140397602,248
US,Gmc,10,0.6656520498430515,182
US,Gmc,11,0.5523066679349378,260
US,Gmc,12,0.5326738323979835,283
US,Gmc,13,0.4185104156758299,126
US,Gmc,14,0.3802910682012746,113
US,Gmc,15,0.30419480643013413,93
US,Gmc,16,0.2661466755445639,53
US,Gmc,17,0.2529249500618282,50
US,Gmc,18,0.2282507371825359,19
US,Gmc,19,0.19973366308380103,20
US,Gmc,20,0.18833824788357273,14
US,Gmc,21,0.16271283173214116,4
US,Gmc,22,0.19971463901835823,8
Pakistan,Honda,1,1.9647887323943662,242
Pakistan,Honda,2,1.5070422535211268,548
Pakistan,Honda,3,1.678169014084507,722
Pakistan,Honda,4,1.3098591549295775,602
Pakistan,Honda,5,1.371830985915493,634
Pakistan,Honda,6,1.4,1027
Pakistan,Honda,7,1.267605633802817,771
Pakistan,Honda,8,1.1549295774647887,616
Pakistan,Honda,9,1.028169014084507,595
Pakistan,Honda,10,0.9859154929577465,627
Pakistan,Honda,11,0.8873239436619719,484
Pakistan,Honda,12,0.795774647887324,247
Pakistan,Honda,13,0.7323943661971831,244
Pakistan,Honda,14,0.6845070422535211,234
Pakistan,Honda,15,0.6619718309859155,178
Pakistan,Honda,16,0.6056338028169014,168
Pakistan,Honda,17,0.5633802816901409,285
Pakistan,Honda,18,0.5070422535211268,302
Pakistan,Honda,19,0.4647887323943662,377
Pakistan,Honda,20,0.4507042253521127,253
Pakistan,Honda,21,0.4225352112676056,184
Pakistan,Honda,22,0.38028169014084506,175
Pakistan,Honda,23,0.323943661971831,110
Pakistan,Honda,24,0.33098591549295775,153
Pakistan,Honda,25,0.30985915492957744,73
Pakistan,Honda,26,0.29859154929577464,76
Pakistan,Honda,27,0.27464774647887324,64
Pakistan,Honda,28,0.2887323943661972,92
Pakistan,Honda,29,0.23943661971830985,92
Pakistan,Honda,30,0.20985915492957746,16
Pakistan,Honda,31,0.2507042253521127,7
Pakistan,Honda,32,0.2211267605633803,8
Pakistan,Honda,33,0.22535211267605634,7
Pakistan,Honda,34,0.19436619718309858,9
US,Honda,1,2.7878484810601325,13
US,Honda,2,1.4376797099637455,676
US,Honda,3,1.3763907988498563,1872
US,Honda,4,1.182335291911489,3111
US,Honda,5,1.055881985248156,3773
US,Honda,6,0.9376172021502688,1255
US,Honda,7,0.8496374546818353,1040
US,Honda,8,0.8040380047505937,678
US,Honda,9,0.6743342917864733,661
US,Honda,10,0.5969496187023378,497
US,Honda,11,0.5563195399424928,626
US,Honda,12,0.5000625078134767,543
US,Honda,13,0.43655456932116515,325
US,Honda,14,0.3856732091511439,208
US,Honda,15,0.3437304663082885,165
US,Honda,16,0.3119139892486561,133
US,Honda,17,0.2950681335166896,68
US,Honda,18,0.28075384423052885,52
US,Honda,19,0.24971871483935493,31
US,Honda,20,0.24953119139892488,25
US,Honda,21,0.18746093261657706,17
US,Honda,22,0.2257782222777847,8
Pakistan,Hyundai,1,1.2659148781375045,193
Pakistan,Hyundai,2,1.178610403783194,220
Pakistan,Hyundai,3,1.0767551837031648,168
Pakistan,Hyundai,4,1.065842124408876,26
Pakistan,Hyundai,5,0.9276100400145508,4
Pakistan,Hyundai,6,2.1826118588577663,3
Pakistan,Hyundai,7,1.269552564568934,2
Pakistan,Hyundai,9,0.854128701345944,2
Pakistan,Hyundai,10,0.34921789741724263,3
Pakistan,Hyundai,11,1.3241178610403783,1
Pakistan,Hyundai,12,0.5711167697344489,2
Pakistan,Hyundai,14,0.7384503455802109,4
Pakistan,Hyundai,15,0.34921789741724263,7
Pakistan,Hyundai,16,0.18188432157148055,24
Pakistan,Hyundai,17,0.16733357584576208,32
Pakistan,Hyundai,18,0.15278283012004365,42
Pakistan,Hyundai,19,0.14841746089487087,56
Pakistan,Hyundai,20,0.1345943979628956,71
Pakistan,Hyundai,21,0.1302290287377228,37
Pakistan,Hyundai,22,0.12077118952346308,11
Pakistan,Hyundai,23,0.12368133866860677,13
Pakistan,Hyundai,24,0.10040014550745725,13
Pakistan,Hyundai,28,0.11640596580574754,1
Pakistan,Hyundai,30,0.04510731174972717,1
Pakistan,Hyundai,31,0.05965791196798836,17
Pakistan,Hyundai,32,0.07275372862859221,1
US,Hyundai,1,1.6685298227550196,10
US,Hyundai,2,1.117673016106494,2077
US,Hyundai,3,1.0287563433110245,1950
US,Hyundai,4,1.1399573435316614,1808
US,Hyundai,5,1.0690593513274986,1587
US,Hyundai,6,0.8824005295285725,1635
US,Hyundai,7,0.7916452158564389,632
US,Hyundai,8,0.7350886224902552,531
US,Hyundai,9,0.6324924615724057,197
US,Hyundai,10,0.6278590865632124,187
US,Hyundai,11,0.5144517172905788,163
US,Hyundai,12,0.4725307053026403,137
US,Hyundai,13,0.35485768919614624,72
US,Hyundai,14,0.3591233360300066,50
US,Hyundai,15,0.29032139442524085,24
US,Hyundai,16,0.2870853864823123,24
US,Hyundai,17,0.27138339339560197,11
US,Hyundai,18,0.4114878281973965,3
US,Hyundai,19,0.2202691770243436,5
Pakistan,Isuzu,1,1.4090909090909092,1
Pakistan,Isuzu,2,1.3636363636363635,5
Pakistan,Isuzu,3,1.1931818181818181,2
Pakistan,Isuzu,4,1.0568181818181819,7
Pakistan,Isuzu,5,0.875,6
Pakistan,Isuzu,6,0.9090909090909091,1
Pakistan,Isuzu,19,0.22727272727272727,1
Pakistan,Isuzu,21,0.20454545454545456,3
Pakistan,Isuzu,27,0.23863636363636365,2
US,Isuzu,11,2.053658536585366,3
US,Isuzu,12,1.764441591784339,2
US,Isuzu,13,1.7946084724005136,1
US,Isuzu,14,1.3947368421052633,2
US,Isuzu,15,0.7636713735558408,2
US,Isuzu,16,0.9563543003851092,2
US,Isuzu,17,0.9215661103979461,2
US,Isuzu,18,1.1037227214377408,1
US,Isuzu,19,0.8985879332477535,1
US,Isuzu,20,0.5096277278562259,1
US,Isuzu,21,0.6777920410783056,2
Pakistan,Jaguar,15,1.0,1
US,Jaguar,1,1.6671920943344751,5
US,Jaguar,2,1.3638485555791324,115
US,Jaguar,3,1.6337567067810481,65
US,Jaguar,4,1.4645487889902695,58
US,Jaguar,5,1.180302525084119,116
US,Jaguar,6,0.7970232501743005,58
US,Jaguar,7,0.7576768013580284,28
US,Jaguar,8,0.6816817727121162,39
US,Jaguar,9,0.499348267604353,18
US,Jaguar,10,0.4243687289702628,20
US,Jaguar,11,0.45454545454545453,11
US,Jaguar,12,0.51494437539786,28
US,Jaguar,13,0.20576555821637516,7
US,Jaguar,14,0.2087968716845009,17
US,Jaguar,15,0.18184849495286307,10
US,Jaguar,16,0.1802722119494377,8
US,Jaguar,17,0.1492164054684895,10
US,Jaguar,18,0.2773651823335051,6
US,Jaguar,19,0.20597775015914396,9
US,Jaguar,20,0.21067628603473884,5
US,Jaguar,21,0.3029797811391676,3
US,Jaguar,22,0.14391160689926946,2
Pakistan,Jeep,1,0.7878787878787878,9
Pakistan,Jeep,4,8.954545454545455,2
Pakistan,Jeep,6,1.9696969696969697,1
Pakistan,Jeep,8,19.696969696969695,1
Pakistan,Jeep,9,9.090909090909092,1
Pakistan,Jeep,12,2.727272727272727,3
Pakistan,Jeep,13,0.9696969696969697,1
Pakistan,Jeep,16,0.7272727272727273,3
Pakistan,Jeep,18,0.9545454545454546,2
Pakistan,Jeep,19,0.9696969696969697,8
Pakistan,Jeep,20,0.8787878787878788,2
Pakistan,Jeep,21,0.8333333333333333,4
Pakistan,Jeep,22,1.0,10
Pakistan,Jeep,23,0.9545454545454546,6
Pakistan,Jeep,24,1.378787878787879,2
Pakistan,Jeep,25,1.0909090909090908,5
Pakistan,Jeep,26,1.1484848484848484,4
Pakistan,Jeep,27,1.5666666666666667,6
Pakistan,Jeep,28,0.9393939393939393,2
Pakistan,Jeep,29,1.4575757575757575,3
Pakistan,Jeep,30,0.8333333333333334,1
Pakistan,Jeep,31,0.5757575757575758,1
Pakistan,Jeep,33,1.2121212121212122,1
Pakistan,Jeep,34,1.5757575757575757,1
US,Jeep,1,1.2527980187645853,2
US,Jeep,2,1.1323046149449922,1443
US,Jeep,3,0.9139400866790494,2315
US,Jeep,4,1.2973520026670475,2454
US,Jeep,5,1.1423298566461875,2302
US,Jeep,6,1.1882649902367004,615
US,Jeep,7,0.9466828594561127,806
US,Jeep,8,0.8190455779397057,610
US,Jeep,9,0.8519312282707053,337
US,Jeep,10,0.6831928370719627,188
US,Jeep,11,0.6866457112920894,318
US,Jeep,12,0.5235509834738296,273
US,Jeep,13,0.4281564032957089,193
US,Jeep,14,0.3805305519836167,129
US,Jeep,15,0.28551697861599273,97
US,Jeep,16,0.28063532885650333,48
US,Jeep,17,0.28444539696147064,36
US,Jeep,18,0.2804210125255989,16
US,Jeep,19,0.23789112730390055,27
US,Jeep,20,0.23789112730390055,18
US,Jeep,21,0.2522741344001524,9
US,Jeep,22,0.2833738153069486,11
Pakistan,Kia,1,1.1556864188443137,125
Pakistan,Kia,2,1.0820758189179243,261
Pakistan,Kia,3,1.026867868973132,413
Pakistan,Kia,4,0.9790209790209791,272
Pakistan,Kia,5,0.9532572690467427,54
Pakistan,Kia,6,1.1409642988590356,4
Pakistan,Kia,13,0.853882959146117,1
Pakistan,Kia,14,0.5476628634523372,1
Pakistan,Kia,16,0.4637467795362532,3
Pakistan,Kia,17,0.4619065145380935,2
Pakistan,Kia,18,0.17666543982333455,1
Pakistan,Kia,19,0.10158262789841738,6
Pakistan,Kia,20,0.20463746779536254,9
Pakistan,Kia,21,0.18108207581891791,16
Pakistan,Kia,22,0.10305483989694517,15
Pakistan,Kia,23,0.08317997791682002,22
Pakistan,Kia,24,0.08097165991902834,7
Pakistan,Kia,25,0.09937430990062569,1
Pakistan,Kia,27,0.08943687891056312,2
Pakistan,Kia,28,0.05925653294074347,10
Pakistan,Kia,29,0.17666543982333455,3
US,Kia,1,1.8030818491094658,15
US,Kia,2,1.2390767794009738,1919
US,Kia,3,1.0669068107531186,1399
US,Kia,4,1.0144753518777934,1926
US,Kia,5,0.9338936695350544,1379
US,Kia,6,0.7992795677406443,794
US,Kia,7,0.726302448135548,439
US,Kia,8,0.667000200120072,392
US,Kia,9,0.499566406510573,123
US,Kia,10,0.4294910279501034,70
US,Kia,11,0.3999066106330465,73
US,Kia,12,0.372890400907211,48
US,Kia,13,0.3334667467146955,31
US,Kia,14,0.3063838302981789,31
US,Kia,15,0.25345207124274566,14
US,Kia,16,0.22413448068841305,7
US,Kia,17,0.3301981188713228,5
US,Kia,18,0.26015609365619374,5
US,Kia,19,0.1664331932492829,4
US,Kia,20,0.21082649589753855,2
Pakistan,Land,2,23.055555555555557,1
Pakistan,Land,8,1.9444444444444444,1
Pakistan,Land,16,1.25,3
Pakistan,Land,17,1.1111111111111112,1
Pakistan,Land,18,0.9722222222222222,5
Pakistan,Land,19,0.6944444444444444,3
Pakistan,Land,20,1.0277777777777777,2
Pakistan,Land,22,0.6111111111111112,1
Pakistan,Land,23,0.8611111111111112,2
Pakistan,Land,24,1.0555555555555556,1
Pakistan,Land,29,1.0833333333333333,1
US,Land,1,1.8428812251778623,2
US,Land,2,1.228320809165976,136
US,Land,3,1.712620360581731,212
US,Land,4,1.4797565644732706,151
US,Land,5,1.4070116289036831,162
US,Land,6,0.9285979599417126,130
US,Land,7,0.7712791794051259,86
US,Land,8,0.7140204005828737,73
US,Land,9,0.6568759107403068,63
US,Land,10,0.511443184090974,25
US,Land,11,0.43558387382496644,54
US,Land,12,0.3403811537472499,17
US,Land,13,0.34272407783079517,43
US,Land,14,0.25686448184233834,15
US,Land,15,0.356367324780708,10
US,Land,16,0.2570073430669448,6
US,Land,17,0.12830366581902342,2
US,Land,18,0.2568073373524958,1
US,Land,19,0.1427183633818109,1
US,Land,22,1.0883453812966084,2
Pakistan,Lexus,1,3.2653061224489797,1
Pakistan,Lexus,2,1.7959183673469388,1
Pakistan,Lexus,3,1.469387755102041,7
Pakistan,Lexus,4,7.346938775510204,2
Pakistan,Lexus,5,5.718367346938775,4
Pakistan,Lexus,6,2.9306122448979592,7
Pakistan,Lexus,7,5.0,4
Pakistan,Lexus,8,4.979591836734694,12
Pakistan,Lexus,9,0.6122448979591837,1
Pakistan,Lexus,10,0.4179591836734694,1
Pakistan,Lexus,12,0.8979591836734694,12
Pakistan,Lexus,13,0.43673469387755104,7
Pakistan,Lexus,14,0.7755102040816326,7
Pakistan,Lexus,15,0.6938775510204082,5
Pakistan,Lexus,16,1.889795918367347,2
Pakistan,Lexus,19,1.183673469387755,1
Pakistan,Lexus,21,0.5330612244897959,4
Pakistan,Lexus,22,0.4551020408163265,2
Pakistan,Lexus,30,0.4897959183673469,1
Pakistan,Lexus,31,0.8163265306122449,1
US,Lexus,1,3.509353296990516,2
US,Lexus,2,1.7124561272496452,145
US,Lexus,3,1.4184153535956987,597
US,Lexus,4,1.23174146815025,1690
US,Lexus,5,1.0262489731909492,1004
US,Lexus,6,0.9325666492420281,514
US,Lexus,7,0.7421775819580315,231
US,Lexus,8,0.6720558584123665,241
US,Lexus,9,0.6345679934284221,298
US,Lexus,10,0.48521394966768727,155
US,Lexus,11,0.4999813307445299,260
US,Lexus,12,0.44787543872750357,260
US,Lexus,13,0.3731984168471361,171
US,Lexus,14,0.3731984168471361,129
US,Lexus,15,0.3341796729146442,137
US,Lexus,16,0.2968411619744605,55
US,Lexus,17,0.261182884026585,61
US,Lexus,18,0.22369501904264058,31
US,Lexus,19,0.20536181017101038,13
US,Lexus,20,0.18458292883279814,4
US,Lexus,21,0.16003285788962734,4
US,Lexus,22,0.18669255470091853,3
Pakistan,Mazda,1,1.602982292637465,1
Pakistan,Mazda,3,1.1369990680335509,3
Pakistan,Mazda,4,1.2674743709226468,17
Pakistan,Mazda,5,1.0624417520969245,5
Pakistan,Mazda,6,0.9878844361602983,14
Pakistan,Mazda,7,0.972972972972973,4
Pakistan,Mazda,8,0.9040074557315936,4
Pakistan,Mazda,9,0.9506057781919851,4
Pakistan,Mazda,10,0.8574091332712022,10
Pakistan,Mazda,11,0.8685927306616962,6
Pakistan,Mazda,12,0.6710158434296365,3
Pakistan,Mazda,13,0.8201304753028891,3
Pakistan,Mazda,14,0.8014911463187325,1
Pakistan,Mazda,15,0.6150978564771669,3
Pakistan,Mazda,16,1.30475302889096,4
Pakistan,Mazda,17,1.0251630941286114,8
Pakistan,Mazda,18,1.0717614165890028,6
Pakistan,Mazda,19,1.1025163094128612,4
Pakistan,Mazda,20,1.1183597390493942,11
Pakistan,Mazda,21,1.0531220876048462,6
Pakistan,Mazda,22,0.6337371854613234,1
Pakistan,Mazda,25,1.30475302889096,1
Pakistan,Mazda,27,5.405405405405405,1
Pakistan,Mazda,28,5.405405405405405,1
Pakistan,Mazda,30,0.554520037278658,2
Pakistan,Mazda,31,0.45293569431500463,1
Pakistan,Mazda,32,0.31500428704566635,1
Pakistan,Mazda,33,0.5964585274930102,1
US,Mazda,2,1.4129032258064516,231
US,Mazda,3,1.3361935483870968,865
US,Mazda,4,1.1450967741935485,811
US,Mazda,5,0.9676774193548388,771
US,Mazda,6,0.7741290322580645,259
US,Mazda,7,0.6888064516129032,226
US,Mazda,8,0.6326774193548388,154
US,Mazda,9,0.5480645161290323,181
US,Mazda,10,0.5149677419354839,75
US,Mazda,11,0.5032258064516129,115
US,Mazda,12,0.4509677419354839,90
US,Mazda,13,0.3864516129032258,67
US,Mazda,14,0.3419354838709677,43
US,Mazda,15,0.3738709677419355,45
US,Mazda,16,0.26606451612903226,27
US,Mazda,17,0.3223225806451613,16
US,Mazda,18,0.2903225806451613,17
US,Mazda,19,0.1770967741935484,4
US,Mazda,20,0.3369032258064516,9
US,Mazda,21,0.18693548387096776,4
Pakistan,Mini,17,1.0588235294117647,1
Pakistan,Mini,20,0.9411764705882353,1
Pakistan,Mini,21,1.2470588235294118,1
Pakistan,Mini,22,0.7529411764705882,1
Pakistan,Mini,25,0.8941176470588236,1
Pakistan,Mini,34,1.1294117647058823,1
US,Mini,1,2.3125508098305296,3
US,Mini,2,1.7364767681821025,114
US,Mini,3,1.3757113376274155,123
US,Mini,4,1.2161841035582515,200
US,Mini,5,1.0936151585266713,283
US,Mini,6,0.8440998061409543,141
US,Mini,7,0.7997623663310612,115
US,Mini,8,0.6813207429178914,82
US,Mini,9,0.5374585704458759,46
US,Mini,10,0.49949971859170783,74
US,Mini,11,0.5002188731161278,45
US,Mini,12,0.4376836970796073,15
US,Mini,13,0.4374335563754612,11
US,Mini,14,0.3885623163029204,16
US,Mini,15,0.375179788631105,6
US,Mini,16,0.31217559877431056,8
US,Mini,17,0.1875429929335251,1
Pakistan,Mitsubishi,1,1.972972972972973,3
Pakistan,Mitsubishi,2,2.097296756756757,5
Pakistan,Mitsubishi,3,1.9635135135135136,18
Pakistan,Mitsubishi,4,2.081081081081081,25
Pakistan,Mitsubishi,5,1.7567567567567568,17
Pakistan,Mitsubishi,6,1.5675675675675675,13
Pakistan,Mitsubishi,7,1.4054054054054053,12
Pakistan,Mitsubishi,8,1.2567567567567568,11
Pakistan,Mitsubishi,9,1.2027027027027026,14
Pakistan,Mitsubishi,10,1.2554054054054054,22
Pakistan,Mitsubishi,11,0.9689189189189189,22
Pakistan,Mitsubishi,12,1.127027027027027,33
Pakistan,Mitsubishi,13,0.9567567567567568,13
Pakistan,Mitsubishi,14,0.9864864864864864,10
Pakistan,Mitsubishi,15,0.8162162162162163,6
Pakistan,Mitsubishi,16,0.7837837837837838,12
Pakistan,Mitsubishi,17,0.8783783783783784,49
Pakistan,Mitsubishi,18,0.8918918918918919,59
Pakistan,Mitsubishi,19,0.8648648648648649,58
Pakistan,Mitsubishi,20,0.8635135135135135,28
Pakistan,Mitsubishi,21,1.8527027027027025,4
Pakistan,Mitsubishi,22,1.2162162162162162,13
Pakistan,Mitsubishi,23,0.8040540540540541,10
Pakistan,Mitsubishi,24,1.6702702702702703,2
Pakistan,Mitsubishi,25,0.9797297297297298,10
Pakistan,Mitsubishi,26,1.3243243243243243,9
Pakistan,Mitsubishi,27,0.9675675675675677,10
Pakistan,Mitsubishi,28,0.7364864864864864,26
Pakistan,Mitsubishi,29,0.7027027027027027,29
Pakistan,Mitsubishi,30,1.0486486486486486,28
Pakistan,Mitsubishi,31,1.2837837837837838,30
Pakistan,Mitsubishi,32,1.2702702702702702,27
Pakistan,Mitsubishi,33,0.8648648648648649,8
Pakistan,Mitsubishi,34,0.8378378378378378,17
US,Mitsubishi,2,1.4659685863874345,121
US,Mitsubishi,3,1.2560418848167538,241
US,Mitsubishi,4,1.088083769633508,250
US,Mitsubishi,5,1.1558534031413612,183
US,Mitsubishi,6,1.0050261780104712,56
US,Mitsubishi,7,0.8375287958115183,67
US,Mitsubishi,8,0.7845026178010471,55
US,Mitsubishi,9,0.7949738219895288,27
US,Mitsubishi,10,0.6412146596858639,38
US,Mitsubishi,11,0.6408376963350786,41
US,Mitsubishi,12,0.5016125654450262,43
US,Mitsubishi,13,0.41876439790575914,29
US,Mitsubishi,14,0.41717277486911,5
US,Mitsubishi,15,0.41026178010471204,16
US,Mitsubishi,16,0.32209424083769633,26
US,Mitsubishi,17,0.3557696335078534,8
US,Mitsubishi,18,0.27593717277486907,12
US,Mitsubishi,19,0.16712041884816753,3
US,Mitsubishi,20,0.250848167539267,2
US,Mitsubishi,21,0.33499476439790576,1
Pakistan,Nissan,1,1.3,11
Pakistan,Nissan,2,1.45,47
Pakistan,Nissan,3,1.4,131
Pakistan,Nissan,4,1.2963333333333333,212
Pakistan,Nissan,5,1.5,89
Pakistan,Nissan,6,1.4291666666666667,104
Pakistan,Nissan,7,0.95,63
Pakistan,Nissan,8,0.8333333333333334,29
Pakistan,Nissan,9,0.8116666666666666,47
Pakistan,Nissan,10,0.75,64
Pakistan,Nissan,11,0.6583333333333333,49
Pakistan,Nissan,12,0.7666666666666666,42
Pakistan,Nissan,13,0.6808331666666667,22
Pakistan,Nissan,14,0.975,32
Pakistan,Nissan,15,0.5475,16
Pakistan,Nissan,16,0.5125,26
Pakistan,Nissan,17,0.6166666666666667,81
Pakistan,Nissan,18,0.48083333333333333,54
Pakistan,Nissan,19,0.5083333333333333,22
Pakistan,Nissan,20,0.44166666666666665,8
Pakistan,Nissan,21,0.3675,12
Pakistan,Nissan,22,0.37083333333333335,14
Pakistan,Nissan,23,0.26666666666666666,6
Pakistan,Nissan,24,0.3,8
Pakistan,Nissan,25,0.2833333333333333,4
Pakistan,Nissan,26,0.2833333333333333,13
Pakistan,Nissan,27,0.26249999999999996,6
Pakistan,Nissan,28,0.245,2
Pakistan,Nissan,29,0.23,3
Pakistan,Nissan,30,0.5333333333333333,1
Pakistan,Nissan,31,0.26666666666666666,11
Pakistan,Nissan,32,0.3416666666666667,10
Pakistan,Nissan,33,0.19166666666666665,6
Pakistan,Nissan,34,0.2516666666666667,6
US,Nissan,2,1.4547378165707863,2163
US,Nissan,3,1.1438867949480922,4727
US,Nissan,4,1.057197645969715,4124
US,Nissan,5,1.0305494941479865,3506
US,Nissan,6,0.8595516762547114,1556
US,Nissan,7,0.7922369900152086,1097
US,Nissan,8,0.7640679759307015,713
US,Nissan,9,0.7133505256893473,499
US,Nissan,10,0.5947893936388283,406
US,Nissan,11,0.5286649474310653,293
US,Nissan,12,0.5286649474310653,266
US,Nissan,13,0.4724591681544667,231
US,Nissan,14,0.46254050122330226,177
US,Nissan,15,0.3964160550155392,115
US,Nissan,16,0.3957217483303577,58
US,Nissan,17,0.29689876347285593,37
US,Nissan,18,0.2641010381538055,28
US,Nissan,19,0.31690140845070425,26
US,Nissan,20,0.12527276334060702,2
US,Nissan,21,0.1751967202274681,4
US,Nissan,22,0.1319182701844872,5
Pakistan,Oldsmobile,22,1.0,1
US,Oldsmobile,15,1.1669449081803005,5
US,Oldsmobile,16,2.0003338898163605,2
US,Oldsmobile,18,1.333889816360601,7
US,Oldsmobile,19,1.333889816360601,5
US,Oldsmobile,20,0.5419031719532554,1
US,Oldsmobile,21,0.998330550918197,5
US,Oldsmobile,22,0.6871452420701168,2
Pakistan,Porsche,2,1.6,3
Pakistan,Porsche,3,1.2642857142857142,8
Pakistan,Porsche,4,1.3214285714285714,2
Pakistan,Porsche,6,1.9714285714285715,1
Pakistan,Porsche,7,0.8285714285714286,1
Pakistan,Porsche,8,0.7214285714285715,2
Pakistan,Porsche,9,0.8571428571428571,5
Pakistan,Porsche,10,1.0,5
Pakistan,Porsche,11,0.4742857142857143,7
Pakistan,Porsche,12,0.4142857142857143,3
Pakistan,Porsche,13,0.9285714285714286,1
Pakistan,Porsche,20,0.18571428571428572,1
US,Porsche,1,1.074934605323896,1
US,Porsche,2,1.3461397907370365,128
US,Porsche,3,1.469687644252962,132
US,Porsche,4,1.2501346360978611,184
US,Porsche,5,1.0193875980920142,207
US,Porsche,6,0.90394676104016,99
US,Porsche,7,0.8265694722264963,58
US,Porsche,8,0.6924142175719341,57
US,Porsche,9,0.6730843206647177,33
US,Porsche,10,0.4856035543929835,42
US,Porsche,11,0.4578973688259732,54
US,Porsche,12,0.5856189413755963,22
US,Porsche,13,0.46155177719649176,43
US,Porsche,14,0.5384482228035082,17
US,Porsche,15,0.4998461301738729,18
US,Porsche,16,0.36521003231266347,17
US,Porsche,17,0.44214494537621174,15
US,Porsche,18,0.4981535620864748,13
US,Porsche,19,0.18261463302046468,16
US,Porsche,20,0.2691760270810894,11
US,Porsche,21,0.21527350361594091,2
US,Porsche,22,0.5225611632558855,6
Pakistan,Subaru,1,0.8144796380090498,2
Pakistan,Subaru,2,1.6402714932126696,2
Pakistan,Subaru,3,1.6063348416289593,7
Pakistan,Subaru,4,1.5214932126696832,6
Pakistan,Subaru,5,0.7624434389140271,1
Pakistan,Subaru,6,1.1538461538461537,2
Pakistan,Subaru,7,1.085972850678733,2
Pakistan,Subaru,8,1.0,3
Pakistan,Subaru,9,1.1085972850678734,5
Pakistan,Subaru,10,1.0633484162895928,3
Pakistan,Subaru,11,0.746606334841629,3
Pakistan,Subaru,12,0.9728506787330317,1
Pakistan,Subaru,13,0.41855203619909503,2
Pakistan,Subaru,14,0.8020361990950227,2
Pakistan,Subaru,15,0.7013574660633484,1
Pakistan,Subaru,16,0.6787330316742082,5
Pakistan,Subaru,17,0.6153846153846154,5
Pakistan,Subaru,18,0.5542986425339367,2
Pakistan,Subaru,27,0.19004524886877827,1
US,Subaru,1,1.4239052771256506,11
US,Subaru,2,1.345667040930897,694
US,Subaru,3,1.2044503419414105,772
US,Subaru,4,1.0682096560171481,1176
US,Subaru,5,0.9184189037460446,740
US,Subaru,6,0.8163213228539349,391
US,Subaru,7,0.7144023680718588,215
US,Subaru,8,0.6762274165560886,247
US,Subaru,9,0.5864040012248648,163
US,Subaru,10,0.5212565070940083,128
US,Subaru,11,0.4591201388180055,106
US,Subaru,12,0.40573644993365315,47
US,Subaru,13,0.3825150556292743,81
US,Subaru,14,0.35663978769010923,58
US,Subaru,15,0.3539348780238849,36
US,Subaru,16,0.3061906706134531,24
US,Subaru,17,0.33158109625395527,12
US,Subaru,18,0.25502704909666224,8
US,Subaru,19,0.2422935592528325,2
US,Subaru,20,0.15285291415739513,3
US,Subaru,21,0.15285291415739513,3
US,Subaru,22,0.15946208022864142,2
Pakistan,Suzuki,1,2.020066889632107,397
Pakistan,Suzuki,2,1.9130434782608696,926
Pakistan,Suzuki,3,1.9230769230769231,894
Pakistan,Suzuki,4,2.040133779264214,545
Pakistan,Suzuki,5,1.6722408026755853,755
Pakistan,Suzuki,6,1.5050167224080269,919
Pakistan,Suzuki,7,1.2859528428093645,782
Pakistan,Suzuki,8,1.0903010033444815,592
Pakistan,Suzuki,9,1.0033444816053512,596
Pakistan,Suzuki,10,1.0033444816053512,459
Pakistan,Suzuki,11,0.9331103678929766,452
Pakistan,Suzuki,12,0.8127090301003345,528
Pakistan,Suzuki,13,0.754180602006689,484
Pakistan,Suzuki,14,0.7274247491638796,382
Pakistan,Suzuki,15,0.6354515050167224,234
Pakistan,Suzuki,16,0.6237458193979933,454
Pakistan,Suzuki,17,0.568561872909699,605
Pakistan,Suzuki,18,0.5451505016722408,527
Pakistan,Suzuki,19,0.5016722408026756,383
Pakistan,Suzuki,20,0.5217391304347826,228
Pakistan,Suzuki,21,0.5016722408026756,167
Pakistan,Suzuki,22,0.5083612040133779,103
Pakistan,Suzuki,23,0.4531772575250836,62
Pakistan,Suzuki,24,0.5317725752508361,104
Pakistan,Suzuki,25,0.3979933110367893,79
Pakistan,Suzuki,26,0.3896321070234114,120
Pakistan,Suzuki,27,0.3612040133779264,95
Pakistan,Suzuki,28,0.34113645484949834,103
Pakistan,Suzuki,29,0.33444816053511706,57
Pakistan,Suzuki,30,0.33444816053511706,68
Pakistan,Suzuki,31,0.3010033444816054,59
Pakistan,Suzuki,32,0.2742468227424749,87
Pakistan,Suzuki,33,0.2792642140468227,70
Pakistan,Suzuki,34,0.2809364548494983,63
US,Suzuki,6,1.7075,8
US,Suzuki,7,1.3433333333333333,13
US,Suzuki,8,1.2916666666666667,8
US,Suzuki,9,1.1424166666666666,8
US,Suzuki,10,1.2625,8
US,Suzuki,11,0.9801666666666666,21
US,Suzuki,12,0.83275,18
US,Suzuki,13,0.8748333333333334,10
US,Suzuki,14,0.649,4
US,Suzuki,15,0.9579166666666666,2
US,Suzuki,16,0.8325,1
US,Suzuki,17,0.8331666666666667,1
US,Suzuki,18,0.915,3
US,Suzuki,19,0.4816666666666667,1
US,Suzuki,20,0.6165,1
Pakistan,Tesla,2,0.9944444444444445,1
Pakistan,Tesla,3,1.0,15
Pakistan,Tesla,4,1.0555555555555556,9
US,Tesla,2,1.6666725151329065,1
US,Tesla,3,1.5263619615755768,21
US,Tesla,4,1.2631809807877885,10
US,Tesla,5,0.919115711904553,24
US,Tesla,6,0.8070532502851128,17
US,Tesla,9,1.1036055794367927,1
Pakistan,Toyota,1,2.3875,379
Pakistan,Toyota,2,1.625,802
Pakistan,Toyota,3,1.37475,1121
Pakistan,Toyota,4,1.3125,1165
Pakistan,Toyota,5,1.2625,893
Pakistan,Toyota,6,1.2375,1187
Pakistan,Toyota,7,1.125,924
Pakistan,Toyota,8,0.98125,713
Pakistan,Toyota,9,0.9375,790
Pakistan,Toyota,10,0.8725,779
Pakistan,Toyota,11,0.79875,679
Pakistan,Toyota,12,0.72375,711
Pakistan,Toyota,13,0.71125,591
Pakistan,Toyota,14,0.625,568
Pakistan,Toyota,15,0.575,399
Pakistan,Toyota,16,0.575,377
Pakistan,Toyota,17,0.5900000000000001,634
Pakistan,Toyota,18,0.5375,443
Pakistan,Toyota,19,0.60625,394
Pakistan,Toyota,20,0.5375,282
Pakistan,Toyota,21,0.57,241
Pakistan,Toyota,22,0.490625,142
Pakistan,Toyota,23,0.423749875,140
Pakistan,Toyota,24,0.4125,162
Pakistan,Toyota,25,0.39125,154
Pakistan,Toyota,26,0.4875,112
Pakistan,Toyota,27,0.625,107
Pakistan,Toyota,28,0.875,175
Pakistan,Toyota,29,0.425,90
Pakistan,Toyota,30,0.3825,135
Pakistan,Toyota,31,0.4625,83
Pakistan,Toyota,32,0.55,73
Pakistan,Toyota,33,0.5625,47
Pakistan,Toyota,34,0.4875,39
US,Toyota,1,1.404040404040404,18
US,Toyota,2,1.2691759089453614,2167
US,Toyota,3,1.1640904724478212,4217
US,Toyota,4,1.1951503507699472,4720
US,Toyota,5,1.0414228742759002,4145
US,Toyota,6,1.047710534742235,1868
US,Toyota,7,0.8729950804878759,1382
US,Toyota,8,0.8145431257823189,1095
US,Toyota,9,0.6403516432334876,887
US,Toyota,10,0.5517713154600763,558
US,Toyota,11,0.6401187669199196,674
US,Toyota,12,0.5236806101359416,722
US,Toyota,13,0.494600180479143,466
US,Toyota,14,0.40724245335196346,366
US,Toyota,15,0.4069222484208075,248
US,Toyota,16,0.35560213081826914,203
US,Toyota,17,0.34873227956801445,137
US,Toyota,18,0.29109539195994527,103
US,Toyota,19,0.2909207347247693,62
US,Toyota,20,0.20874450557447677,38
US,Toyota,21,0.2328763135679562,18
US,Toyota,22,0.27587110296044015,12
Pakistan,Volkswagen,1,0.35377358490566035,1
Pakistan,Volkswagen,8,1.5330188679245282,1
Pakistan,Volkswagen,10,0.9198113207547169,3
Pakistan,Volkswagen,11,1.8632075471698113,1
Pakistan,Volkswagen,14,0.6084905660377359,1
Pakistan,Volkswagen,15,0.7547169811320755,1
Pakistan,Volkswagen,16,2.0047169811320753,1
Pakistan,Volkswagen,20,1.3915094339622642,1
Pakistan,Volkswagen,22,1.2264150943396226,1
Pakistan,Volkswagen,23,1.650943396226415,1
Pakistan,Volkswagen,29,0.5188679245283019,1
Pakistan,Volkswagen,30,0.37735849056603776,1
US,Volkswagen,1,2.6887142857142856,9
US,Volkswagen,2,1.3928571428571428,457
US,Volkswagen,3,1.1425,1023
US,Volkswagen,4,1.2067857142857144,1510
US,Volkswagen,5,0.9635714285714285,1575
US,Volkswagen,6,0.9285714285714286,846
US,Volkswagen,7,0.8269285714285715,487
US,Volkswagen,8,0.7071428571428572,169
US,Volkswagen,9,0.6425,174
US,Volkswagen,10,0.5710714285714286,143
US,Volkswagen,11,0.46425,108
US,Volkswagen,12,0.4283571428571429,74
US,Volkswagen,13,0.4205714285714286,79
US,Volkswagen,14,0.3568928571428571,36
US,Volkswagen,15,0.39135714285714285,43
US,Volkswagen,16,0.32146428571428576,32
US,Volkswagen,17,0.34285714285714286,27
US,Volkswagen,18,0.33882142857142855,14
US,Volkswagen,19,0.28528571428571425,14
US,Volkswagen,20,0.2049642857142857,6
US,Volkswagen,21,0.21171428571428572,2
US,Volkswagen,22,0.28535714285714286,1
Pakistan,Volvo,28,1.0,1
US,Volvo,1,2.0473799126637555,5
US,Volvo,2,1.441004366812227,285
US,Volvo,3,1.5962882096069868,182
US,Volvo,4,1.1310043668122272,275
US,Volvo,5,1.084410480349345,103
US,Volvo,6,0.8731441048034935,121
US,Volvo,7,0.654825327510917,90
US,Volvo,8,0.5672489082969432,59
US,Volvo,9,0.51117903930131,56
US,Volvo,10,0.3920305676855895,38
US,Volvo,11,0.37096069868995635,69
US,Volvo,12,0.3054148471615721,69
US,Volvo,13,0.2816593886462882,41
US,Volvo,14,0.26041484716157204,30
US,Volvo,15,0.25443231441048036,32
US,Volvo,16,0.17445414847161572,9
US,Volvo,17,0.17019650655021834,14
US,Volvo,18,0.18002183406113537,8
US,Volvo,19,0.15827510917030568,4
US,Volvo,20,0.17139737991266377,6
US,Volvo,21,0.21187772925764192,1
US,Volvo,22,0.17445414847161572,1
